{"0": [0.9981884057971014, 0.875], "1": [0.9818840579710145, 0.8514492753623188], "2": [0.9818840579710145, 0.8514492753623188], "3": [0.9818840579710145, 0.8514492753623188], "4": [0.9818840579710145, 0.8514492753623188], "5": [0.980072463768116, 0.8514492753623188], "6": [0.9782608695652174, 0.8496376811594203], "7": [0.9746376811594203, 0.8442028985507246], "8": [0.9655797101449275, 0.842391304347826], "9": [0.9583333333333334, 0.8333333333333334], "10": [0.9510869565217391, 0.8297101449275363], "11": [0.9384057971014492, 0.8242753623188406], "12": [0.9311594202898551, 0.8170289855072463], "13": [0.9166666666666666, 0.8061594202898551], "14": [0.894927536231884, 0.7844202898550725], "15": [0.8804347826086957, 0.7735507246376812], "16": [0.855072463768116, 0.7590579710144928], "17": [0.8242753623188406, 0.7445652173913043], "18": [0.8134057971014492, 0.7391304347826086], "19": [0.8043478260869565, 0.7192028985507246], "20": [0.7844202898550725, 0.7101449275362319], "21": [0.7663043478260869, 0.6992753623188406], "22": [0.7445652173913043, 0.6884057971014492], "23": [0.7137681159420289, 0.6666666666666666], "24": [0.6865942028985508, 0.6521739130434783], "25": [0.6630434782608695, 0.6467391304347826], "26": [0.6304347826086957, 0.6268115942028986], "27": [0.6159420289855072, 0.6177536231884058], "28": [0.5942028985507246, 0.6086956521739131], "29": [0.5742753623188406, 0.5905797101449275], "30": [0.5652173913043478, 0.5905797101449275], "31": [0.5434782608695652, 0.5815217391304348], "32": [0.5253623188405797, 0.5688405797101449], "33": [0.5126811594202898, 0.5597826086956522], "34": [0.5036231884057971, 0.5579710144927537], "35": [0.4963768115942029, 0.552536231884058], "36": [0.48731884057971014, 0.5416666666666666], "37": [0.47644927536231885, 0.5289855072463768], "38": [0.4583333333333333, 0.5163043478260869], "39": [0.45471014492753625, 0.5144927536231884], "40": [0.4528985507246377, 0.5144927536231884], "41": [0.44565217391304346, 0.5090579710144928], "42": [0.4438405797101449, 0.5054347826086957], "43": [0.44021739130434784, 0.5054347826086957], "44": [0.4384057971014493, 0.5054347826086957], "45": [0.4365942028985507, 0.5036231884057971], "46": [0.4365942028985507, 0.5018115942028986], "47": [0.4365942028985507, 0.5018115942028986], "48": [0.42934782608695654, 0.5], "49": [0.42934782608695654, 0.49818840579710144], "50": [0.42934782608695654, 0.49818840579710144], "51": [0.4221014492753623, 0.4963768115942029], "52": [0.4221014492753623, 0.4945652173913043], "53": [0.4221014492753623, 0.4945652173913043], "54": [0.42028985507246375, 0.4927536231884058], "55": [0.4166666666666667, 0.49094202898550726], "56": [0.4148550724637681, 0.49094202898550726], "57": [0.4148550724637681, 0.4855072463768116], "58": [0.4148550724637681, 0.4855072463768116], "59": [0.4148550724637681, 0.4855072463768116], "60": [0.41304347826086957, 0.48007246376811596], "61": [0.4076086956521739, 0.47644927536231885], "62": [0.40398550724637683, 0.47644927536231885], "63": [0.40398550724637683, 0.47644927536231885], "64": [0.40398550724637683, 0.47644927536231885], "65": [0.4003623188405797, 0.47644927536231885], "66": [0.3967391304347826, 0.47644927536231885], "67": [0.39492753623188404, 0.4746376811594203], "68": [0.39492753623188404, 0.4746376811594203], "69": [0.38768115942028986, 0.4746376811594203], "70": [0.38768115942028986, 0.4746376811594203], "71": [0.38405797101449274, 0.4746376811594203], "72": [0.3822463768115942, 0.47282608695652173], "73": [0.37681159420289856, 0.47282608695652173], "74": [0.3713768115942029, 0.47101449275362317], "75": [0.3695652173913043, 0.47101449275362317], "76": [0.3695652173913043, 0.4692028985507246], "77": [0.36594202898550726, 0.4673913043478261], "78": [0.3641304347826087, 0.4673913043478261], "79": [0.3641304347826087, 0.463768115942029], "80": [0.3641304347826087, 0.46195652173913043], "81": [0.35688405797101447, 0.4601449275362319], "82": [0.35507246376811596, 0.4601449275362319], "83": [0.35507246376811596, 0.45471014492753625], "84": [0.3496376811594203, 0.447463768115942], "85": [0.3496376811594203, 0.447463768115942], "86": [0.3442028985507246, 0.44565217391304346], "87": [0.3442028985507246, 0.4420289855072464], "88": [0.33152173913043476, 0.43478260869565216], "89": [0.33152173913043476, 0.4311594202898551], "90": [0.32971014492753625, 0.42934782608695654], "91": [0.322463768115942, 0.42028985507246375], "92": [0.32065217391304346, 0.41304347826086957], "93": [0.30978260869565216, 0.40398550724637683], "94": [0.29528985507246375, 0.40217391304347827], "95": [0.28442028985507245, 0.4003623188405797], "96": [0.26992753623188404, 0.391304347826087], "97": [0.26268115942028986, 0.3713768115942029], "98": [0.23550724637681159, 0.36231884057971014], "99": [0.23550724637681159, 0.358695652173913], "100": [0.23550724637681159, 0.358695652173913]}